{
  "Name": "Headboards_O84d2b8173e76_lod0",
  "Source": "B075QJDGNN",
  "Timestamp": 1674496800,
  "BoundingBox": {
    "MinPoint": {
      "x": -0.80198734998703,
      "y": -1.1107076406478882,
      "z": -0.00017176552501041442
    },
    "MaxPoint": {
      "x": 0.7958059906959534,
      "y": 1.1132593154907227,
      "z": 1.4023393392562866
    }
  },
  "Type": "headboards",
  "Category": "headboards",
  "Width": 1.5977933406829834,
  "Length": 2.223966956138611,
  "Orientation": 4.71238898038469
}