{
  "Name": "Ottomans_O7c9dadd15f42_lod0",
  "Source": "B07QCMB5YK",
  "Timestamp": 1674496800,
  "BoundingBox": {
    "MinPoint": {
      "x": -0.3956259489059448,
      "y": -0.3039880096912384,
      "z": -4.3669483602570836e-06
    },
    "MaxPoint": {
      "x": 0.3982440233230591,
      "y": 0.2900974750518799,
      "z": 0.46542486548423767
    }
  },
  "Type": "ottomans",
  "Category": "ottomans",
  "Width": 0.7938699722290039,
  "Length": 0.5940854847431183,
  "Orientation": 4.71238898038469
}