{
  "Name": "FloorLamps_O75326ec60544_lod0",
  "Source": "B0742DJS8J",
  "Timestamp": 1674496800,
  "BoundingBox": {
    "MinPoint": {
      "x": -0.25324705243110657,
      "y": -0.23268599808216095,
      "z": 0.0001839087053667754
    },
    "MaxPoint": {
      "x": 0.20506557822227478,
      "y": 0.21636496484279633,
      "z": 1.5448774099349976
    }
  },
  "Type": "floor-lamps",
  "Category": "floor-lamps",
  "Width": 0.45831263065338135,
  "Length": 0.4490509629249573,
  "Orientation": 4.71238898038469
}