{
  "Name": "Cabinets_O34efdbc7cd71_lod0",
  "Source": "B07QGG1YGZ",
  "Timestamp": 1674496800,
  "BoundingBox": {
    "MinPoint": {
      "x": -0.5295385122299194,
      "y": -0.1886242926120758,
      "z": 0.00013033390860073268
    },
    "MaxPoint": {
      "x": 0.5295385122299194,
      "y": 0.17216143012046814,
      "z": 0.7626506090164185
    }
  },
  "Type": "cabinets",
  "Category": "cabinets",
  "Width": 1.0590770244598389,
  "Length": 0.36078572273254395,
  "Orientation": 4.71238898038469
}