{
  "Name": "FloorLamps_Oc1b0ac823eb9_lod0",
  "Source": "B073P3S1NX",
  "Timestamp": 1674496800,
  "BoundingBox": {
    "MinPoint": {
      "x": -0.15509743988513947,
      "y": -0.15385328233242035,
      "z": -9.197860890708398e-06
    },
    "MaxPoint": {
      "x": 0.15498323738574982,
      "y": 0.1538529247045517,
      "z": 1.5688648223876953
    }
  },
  "Type": "floor-lamps",
  "Category": "floor-lamps",
  "Width": 0.3100806772708893,
  "Length": 0.30770620703697205,
  "Orientation": 4.71238898038469
}