{
  "Name": "FloorLamps_O3abb34e1a719_lod0",
  "Source": "B073P2MNHW",
  "Timestamp": 1674496800,
  "BoundingBox": {
    "MinPoint": {
      "x": -0.6730073690414429,
      "y": -0.17813459038734436,
      "z": -0.0007189681637100875
    },
    "MaxPoint": {
      "x": 0.7335283756256104,
      "y": 0.1781345158815384,
      "z": 2.4224259853363037
    }
  },
  "Type": "floor-lamps",
  "Category": "floor-lamps",
  "Width": 1.4065357446670532,
  "Length": 0.35626910626888275,
  "Orientation": 4.71238898038469
}