{
  "Name": "Bookcases_Of801682c0062_lod0",
  "Source": "B07B7J8GGS",
  "Timestamp": 1674496800,
  "BoundingBox": {
    "MinPoint": {
      "x": -0.6004425883293152,
      "y": -0.18030354380607605,
      "z": -1.0948813269351376e-06
    },
    "MaxPoint": {
      "x": 0.6007830500602722,
      "y": 0.18031403422355652,
      "z": 0.7649297118186951
    }
  },
  "Type": "bookcases",
  "Category": "bookcases",
  "Width": 1.2012256383895874,
  "Length": 0.36061757802963257,
  "Orientation": 4.71238898038469
}