{
  "Name": "Sofas_Oa1bfa586a8f8_lod0",
  "Source": "B07BKKF8NW",
  "Timestamp": 1674496800,
  "BoundingBox": {
    "MinPoint": {
      "x": -1.0974948406219482,
      "y": -0.46799156069755554,
      "z": -0.0005706024239771068
    },
    "MaxPoint": {
      "x": 1.0974948406219482,
      "y": 0.4504484236240387,
      "z": 0.7693231701850891
    }
  },
  "Type": "sofas",
  "Category": "sofas",
  "Width": 2.1949896812438965,
  "Length": 0.9184399843215942,
  "Orientation": 4.71238898038469
}