{
  "Name": "Dressers_O3026d3820106_lod0",
  "Source": "B07B4SC7DG",
  "Timestamp": 1674496800,
  "BoundingBox": {
    "MinPoint": {
      "x": -0.4825548529624939,
      "y": -0.2404441386461258,
      "z": -0.00011440075468271971
    },
    "MaxPoint": {
      "x": 0.48334604501724243,
      "y": 0.24002240598201752,
      "z": 1.2434196472167969
    }
  },
  "Type": "dressers",
  "Category": "dressers",
  "Width": 0.9659008979797363,
  "Length": 0.4804665446281433,
  "Orientation": 4.71238898038469
}