{
  "Name": "Bookcases_Oe43e7e39f537_lod0",
  "Source": "B07HSLTLGP",
  "Timestamp": 1674496800,
  "BoundingBox": {
    "MinPoint": {
      "x": -0.6855700016021729,
      "y": -0.189748153090477,
      "z": -2.5352701271685874e-08
    },
    "MaxPoint": {
      "x": 0.6855700016021729,
      "y": 0.1897478848695755,
      "z": 1.8262629508972168
    }
  },
  "Type": "bookcases",
  "Category": "bookcases",
  "Width": 1.3711400032043457,
  "Length": 0.3794960379600525,
  "Orientation": 4.71238898038469
}